truck,stops,dumps,total_seconds,total_meters
0,24,3,25524,271238.3
1,24,3,24290,247474.5
2,24,3,24742,260769.49999999997
3,24,3,25291,270988.30000000005
4,24,3,25647,295704.10000000003
5,21,3,27754,328233.79999999993
6,24,3,25075,271314.3
7,22,3,27693,324112.10000000003
8,24,3,25471,280966.0
9,7,1,6877,68654.2
