truck,stops,dumps,total_seconds,total_meters
0,40,5,28373,221229.6
1,40,5,26847,211257.5
2,40,5,27161,209491.6
3,40,5,27367,208440.50000000003
4,35,5,26249,196449.40000000002
5,23,3,19245,189174.6
