truck,stops,dumps,total_seconds,total_meters
0,38,5,28774,239433.0
1,40,5,27555,211584.69999999992
2,40,5,27437,209897.8
3,40,5,26083,190890.59999999998
4,37,5,27285,207574.3
5,23,3,19258,189558.3
